id;title;tags;journal_date;text
1;Wooden navigate;FAMILY;2020-10-22T00:20:38;generate hardware
2;solid state withdrawal Legacy;PURPOSE;2020-10-22T11:59:34;Industrial Dynamic Fantastic
3;Small grow Auto Loan Account;PURPOSE;2020-10-22T03:58:10;maroon Oklahoma Myanmar
4;Avon calculate Concrete;TRAINING;2020-10-21T22:23:57;collaboration Incredible
5;Fantastic Ameliorated driver;FAMILY;2020-10-21T18:53:40;Convertible Marks Buckinghamshire envisioneer
6;Synergized;TRAINING;2020-10-21T23:05:25;ability Bedfordshire
7;optimizing pixel;FAMILY;2020-10-21T15:42:34;Accounts
8;Intelligent Clothing;FAMILY;2020-10-21T13:39:20;Practical Developer indexing
9;Executive teal;FAMILY;2020-10-22T02:11:09;real-time Convertible Marks
10;generating;FAMILY;2020-10-22T03:35:29;Shoes Centralized
